<?xml version="1.0" encoding="UTF-8"?>
<company>
<name>Raykor Technologies PVT. Ltd.</name>
<employees>
<employee id="1">
<name>ABC PQR</name>
<address>
<line1>M G Road</line1>
<line2>Baner</line2>
<state>Maharashtra</state>
<city>Pune</city>
</address>
<phones>
<mobile>9876543210</mobile>
<landline>0209876543</landline>
</phones>
<education>
<degree>
<college>
<name>College of engineering</name>
<address>
<line1>M G Road</line1>
<line2>Baner</line2>
<state>Maharashtra</state>
<city>Pune</city>
</address>
</college>
</degree>
</education>
</employee>
</employees>
</company>
